item_id,timestamp,target
Series,1750-01-01 00:00:00,91.97991849
Series,1750-01-01 00:30:00,87.91261815
Series,1750-01-01 01:00:00,86.55324106
Series,1750-01-01 01:30:00,103.2145488
Series,1750-01-01 02:00:00,111.2901932
Series,1750-01-01 02:30:00,121.3399248
Series,1750-01-01 03:00:00,128.9161325
Series,1750-01-01 03:30:00,151.4834794
Series,1750-01-01 04:00:00,159.1864707
Series,1750-01-01 04:30:00,158.5310126
Series,1750-01-01 05:00:00,190.113143
Series,1750-01-01 05:30:00,177.8284966
Series,1750-01-01 06:00:00,164.8183581
Series,1750-01-01 06:30:00,174.6794374
Series,1750-01-01 07:00:00,172.564187
Series,1750-01-01 07:30:00,183.887809
Series,1750-01-01 08:00:00,188.412294
Series,1750-01-01 08:30:00,198.2073785
Series,1750-01-01 09:00:00,195.5316601
Series,1750-01-01 09:30:00,191.715053
Series,1750-01-01 10:00:00,192.532985
Series,1750-01-01 10:30:00,186.2211433
Series,1750-01-01 11:00:00,187.1079355
Series,1750-01-01 11:30:00,193.6888433
Series,1750-01-01 12:00:00,200.3748913
Series,1750-01-01 12:30:00,206.1021011
Series,1750-01-01 13:00:00,197.5979291
Series,1750-01-01 13:30:00,195.2813012
Series,1750-01-01 14:00:00,196.2140867
Series,1750-01-01 14:30:00,182.6267567
Series,1750-01-01 15:00:00,173.2242123
Series,1750-01-01 15:30:00,153.5951473
Series,1750-01-01 16:00:00,150.8186795
Series,1750-01-01 16:30:00,139.7048306
Series,1750-01-01 17:00:00,150.8185629
Series,1750-01-01 17:30:00,140.3087864
Series,1750-01-01 18:00:00,141.1426864
Series,1750-01-01 18:30:00,142.3713357
Series,1750-01-01 19:00:00,139.6589402
Series,1750-01-01 19:30:00,132.2719496
Series,1750-01-01 20:00:00,130.196052
Series,1750-01-01 20:30:00,118.9926237
Series,1750-01-01 21:00:00,114.6608186
Series,1750-01-01 21:30:00,103.7699118
Series,1750-01-01 22:00:00,101.4128233
Series,1750-01-01 22:30:00,98.42470574
Series,1750-01-01 23:00:00,92.77570556
Series,1750-01-01 23:30:00,101.8919773
Series,1750-01-02 00:00:00,101.0950393
Series,1750-01-02 00:30:00,111.0632144
Series,1750-01-02 01:00:00,124.3097794
Series,1750-01-02 01:30:00,134.0541572
Series,1750-01-02 02:00:00,147.6947264
Series,1750-01-02 02:30:00,154.8637838
Series,1750-01-02 03:00:00,160.0085757
Series,1750-01-02 03:30:00,163.8963653
Series,1750-01-02 04:00:00,173.699102
Series,1750-01-02 04:30:00,191.9543672
Series,1750-01-02 05:00:00,183.2593395
Series,1750-01-02 05:30:00,184.8331241
Series,1750-01-02 06:00:00,186.8487138
Series,1750-01-02 06:30:00,185.0710236
Series,1750-01-02 07:00:00,193.5742636
Series,1750-01-02 07:30:00,181.4773218
Series,1750-01-02 08:00:00,180.228765
Series,1750-01-02 08:30:00,174.4161142
Series,1750-01-02 09:00:00,174.5517255
Series,1750-01-02 09:30:00,170.2940441
Series,1750-01-02 10:00:00,176.9335198
Series,1750-01-02 10:30:00,190.9644495
Series,1750-01-02 11:00:00,197.3372588
Series,1750-01-02 11:30:00,192.9024758
Series,1750-01-02 12:00:00,171.6129593
Series,1750-01-02 12:30:00,167.5802671
Series,1750-01-02 13:00:00,168.5986751
Series,1750-01-02 13:30:00,154.8383638
Series,1750-01-02 14:00:00,146.8671309
Series,1750-01-02 14:30:00,143.028444
Series,1750-01-02 15:00:00,142.546696
Series,1750-01-02 15:30:00,128.9600608
Series,1750-01-02 16:00:00,117.7248216
Series,1750-01-02 16:30:00,117.2204155
Series,1750-01-02 17:00:00,104.62093
Series,1750-01-02 17:30:00,100.6333021
Series,1750-01-02 18:00:00,99.7196084
Series,1750-01-02 18:30:00,96.4778205
Series,1750-01-02 19:00:00,97.40459989
Series,1750-01-02 19:30:00,107.2290695
Series,1750-01-02 20:00:00,110.3928385
Series,1750-01-02 20:30:00,114.3197453
Series,1750-01-02 21:00:00,117.5700344
Series,1750-01-02 21:30:00,119.0672843
Series,1750-01-02 22:00:00,125.5783896
Series,1750-01-02 22:30:00,130.9893108
Series,1750-01-02 23:00:00,154.6949063
Series,1750-01-02 23:30:00,152.0854343
Series,1750-01-03 00:00:00,157.1644085
Series,1750-01-03 00:30:00,150.2891862
Series,1750-01-03 01:00:00,158.9405402
Series,1750-01-03 01:30:00,164.4700666
Series,1750-01-03 02:00:00,158.8136803
Series,1750-01-03 02:30:00,155.6040543
Series,1750-01-03 03:00:00,155.969966
Series,1750-01-03 03:30:00,158.8395629
Series,1750-01-03 04:00:00,158.7573313
Series,1750-01-03 04:30:00,161.5851584
Series,1750-01-03 05:00:00,177.6892854
Series,1750-01-03 05:30:00,175.0385577
Series,1750-01-03 06:00:00,162.9033778
Series,1750-01-03 06:30:00,167.9369787
Series,1750-01-03 07:00:00,177.8764721
Series,1750-01-03 07:30:00,179.214375
Series,1750-01-03 08:00:00,182.3059304
Series,1750-01-03 08:30:00,184.7165901
Series,1750-01-03 09:00:00,169.0336669
Series,1750-01-03 09:30:00,146.4968733
Series,1750-01-03 10:00:00,149.6693959
Series,1750-01-03 10:30:00,137.3488715
Series,1750-01-03 11:00:00,133.7390012
Series,1750-01-03 11:30:00,120.9479633
Series,1750-01-03 12:00:00,125.3543242
Series,1750-01-03 12:30:00,110.7452216
Series,1750-01-03 13:00:00,108.3736385
Series,1750-01-03 13:30:00,93.91179851
Series,1750-01-03 14:00:00,97.44411456
Series,1750-01-03 14:30:00,87.50796933
Series,1750-01-03 15:00:00,89.00610272
Series,1750-01-03 15:30:00,82.71626925
Series,1750-01-03 16:00:00,88.34574771
Series,1750-01-03 16:30:00,99.4270836
Series,1750-01-03 17:00:00,103.4592196
Series,1750-01-03 17:30:00,103.725782
Series,1750-01-03 18:00:00,109.7060733
Series,1750-01-03 18:30:00,130.6169795
Series,1750-01-03 19:00:00,150.9378376
Series,1750-01-03 19:30:00,150.4205992
Series,1750-01-03 20:00:00,160.4848434
Series,1750-01-03 20:30:00,172.6952469
Series,1750-01-03 21:00:00,184.2613086
Series,1750-01-03 21:30:00,191.905745
Series,1750-01-03 22:00:00,187.4647632
Series,1750-01-03 22:30:00,194.987149
Series,1750-01-03 23:00:00,194.0311182
Series,1750-01-03 23:30:00,201.4993711
Series,1750-01-04 00:00:00,207.3543647
Series,1750-01-04 00:30:00,205.6551446
Series,1750-01-04 01:00:00,202.1001126
Series,1750-01-04 01:30:00,207.6631638
Series,1750-01-04 02:00:00,206.0043472
Series,1750-01-04 02:30:00,211.3466204
Series,1750-01-04 03:00:00,204.5406797
Series,1750-01-04 03:30:00,189.8234297
Series,1750-01-04 04:00:00,196.33339
Series,1750-01-04 04:30:00,210.0788703
Series,1750-01-04 05:00:00,211.303666
Series,1750-01-04 05:30:00,206.5492325
Series,1750-01-04 06:00:00,194.5222096
Series,1750-01-04 06:30:00,194.5570071
Series,1750-01-04 07:00:00,186.708972
Series,1750-01-04 07:30:00,173.1285564
Series,1750-01-04 08:00:00,143.171426
Series,1750-01-04 08:30:00,145.2447686
Series,1750-01-04 09:00:00,144.3451686
Series,1750-01-04 09:30:00,139.3763827
Series,1750-01-04 10:00:00,141.9101702
Series,1750-01-04 10:30:00,152.6028485
Series,1750-01-04 11:00:00,129.8419496
Series,1750-01-04 11:30:00,129.5467518
Series,1750-01-04 12:00:00,121.9869853
Series,1750-01-04 12:30:00,110.5933137
Series,1750-01-04 13:00:00,110.5260981
Series,1750-01-04 13:30:00,124.2080024
Series,1750-01-04 14:00:00,137.3387758
Series,1750-01-04 14:30:00,150.050156
Series,1750-01-04 15:00:00,147.6970464
Series,1750-01-04 15:30:00,176.8496611
Series,1750-01-04 16:00:00,191.4408833
Series,1750-01-04 16:30:00,214.202874
Series,1750-01-04 17:00:00,208.3652519
Series,1750-01-04 17:30:00,207.0142332
Series,1750-01-04 18:00:00,206.3861683
Series,1750-01-04 18:30:00,229.3940434
Series,1750-01-04 19:00:00,229.212069
Series,1750-01-04 19:30:00,230.7227894
Series,1750-01-04 20:00:00,220.1826739
Series,1750-01-04 20:30:00,217.169545
Series,1750-01-04 21:00:00,218.9013088
Series,1750-01-04 21:30:00,221.9310547
Series,1750-01-04 22:00:00,225.860071
Series,1750-01-04 22:30:00,217.1363354
Series,1750-01-04 23:00:00,222.3366635
Series,1750-01-04 23:30:00,222.7282782
Series,1750-01-05 00:00:00,196.1000616
Series,1750-01-05 00:30:00,206.7579493
Series,1750-01-05 01:00:00,214.0393074
Series,1750-01-05 01:30:00,201.6751752
Series,1750-01-05 02:00:00,188.0538348
Series,1750-01-05 02:30:00,183.2932711
Series,1750-01-05 03:00:00,182.1837886
Series,1750-01-05 03:30:00,168.9045927
Series,1750-01-05 04:00:00,166.2039687
Series,1750-01-05 04:30:00,165.8981728
Series,1750-01-05 05:00:00,168.4150082
Series,1750-01-05 05:30:00,148.097774
Series,1750-01-05 06:00:00,145.5130723
Series,1750-01-05 06:30:00,132.973057
Series,1750-01-05 07:00:00,128.1892499
Series,1750-01-05 07:30:00,117.0478406
Series,1750-01-05 08:00:00,113.2086065
Series,1750-01-05 08:30:00,116.972932
Series,1750-01-05 09:00:00,114.1699471
Series,1750-01-05 09:30:00,116.4306093
Series,1750-01-05 10:00:00,120.6249997
Series,1750-01-05 10:30:00,121.3910955
Series,1750-01-05 11:00:00,155.2452479
Series,1750-01-05 11:30:00,162.3371954
Series,1750-01-05 12:00:00,176.7382687
Series,1750-01-05 12:30:00,159.6431156
Series,1750-01-05 13:00:00,163.7652473
Series,1750-01-05 13:30:00,168.6528308
Series,1750-01-05 14:00:00,165.9769634
Series,1750-01-05 14:30:00,147.2108211
Series,1750-01-05 15:00:00,140.0786824
Series,1750-01-05 15:30:00,150.2330115
Series,1750-01-05 16:00:00,168.00421
Series,1750-01-05 16:30:00,177.4638239
Series,1750-01-05 17:00:00,166.6416352
Series,1750-01-05 17:30:00,171.1876574
Series,1750-01-05 18:00:00,171.787894
Series,1750-01-05 18:30:00,158.7029382
Series,1750-01-05 19:00:00,167.6528959
Series,1750-01-05 19:30:00,168.0868547
Series,1750-01-05 20:00:00,161.2614121
Series,1750-01-05 20:30:00,166.7067796
Series,1750-01-05 21:00:00,170.1031465
Series,1750-01-05 21:30:00,172.3599325
Series,1750-01-05 22:00:00,164.1418138
Series,1750-01-05 22:30:00,184.0607819
Series,1750-01-05 23:00:00,179.1540251
Series,1750-01-05 23:30:00,168.8715394
Series,1750-01-06 00:00:00,170.8230058
Series,1750-01-06 00:30:00,158.4408335
Series,1750-01-06 01:00:00,139.9512849
Series,1750-01-06 01:30:00,133.7194886
Series,1750-01-06 02:00:00,125.5361579
Series,1750-01-06 02:30:00,123.2517261
Series,1750-01-06 03:00:00,125.1954388
Series,1750-01-06 03:30:00,112.4353921
Series,1750-01-06 04:00:00,108.9692829
Series,1750-01-06 04:30:00,105.4260772
Series,1750-01-06 05:00:00,105.0572814
Series,1750-01-06 05:30:00,93.24214667
Series,1750-01-06 06:00:00,99.85602114
Series,1750-01-06 06:30:00,117.190202
Series,1750-01-06 07:00:00,121.6314397
Series,1750-01-06 07:30:00,129.9330286
Series,1750-01-06 08:00:00,139.4364326
Series,1750-01-06 08:30:00,139.4253175
Series,1750-01-06 09:00:00,152.9160955
Series,1750-01-06 09:30:00,157.8036982
Series,1750-01-06 10:00:00,180.8190356
Series,1750-01-06 10:30:00,185.8338301
Series,1750-01-06 11:00:00,197.9514533
Series,1750-01-06 11:30:00,203.1293009
Series,1750-01-06 12:00:00,200.7029951
Series,1750-01-06 12:30:00,195.8966587
Series,1750-01-06 13:00:00,195.7774505
Series,1750-01-06 13:30:00,205.8755638
Series,1750-01-06 14:00:00,202.4196057
Series,1750-01-06 14:30:00,194.2138996
Series,1750-01-06 15:00:00,198.9644386
Series,1750-01-06 15:30:00,200.5074732
Series,1750-01-06 16:00:00,193.8191402
Series,1750-01-06 16:30:00,173.5757468
Series,1750-01-06 17:00:00,173.4863298
Series,1750-01-06 17:30:00,158.5852161
Series,1750-01-06 18:00:00,179.6826074
Series,1750-01-06 18:30:00,166.8310658
Series,1750-01-06 19:00:00,156.9189416
Series,1750-01-06 19:30:00,161.841168
Series,1750-01-06 20:00:00,144.1797186
Series,1750-01-06 20:30:00,143.728488
Series,1750-01-06 21:00:00,138.1881863
Series,1750-01-06 21:30:00,133.9954025
Series,1750-01-06 22:00:00,126.3957762
Series,1750-01-06 22:30:00,125.6375333
Series,1750-01-06 23:00:00,117.6096391
Series,1750-01-06 23:30:00,104.0786689
Series,1750-01-07 00:00:00,102.0676068
Series,1750-01-07 00:30:00,95.10320112
Series,1750-01-07 01:00:00,99.75701204
Series,1750-01-07 01:30:00,98.49345257
Series,1750-01-07 02:00:00,124.4391332
Series,1750-01-07 02:30:00,116.5268443
Series,1750-01-07 03:00:00,161.5079213
Series,1750-01-07 03:30:00,148.1621791
Series,1750-01-07 04:00:00,154.7656454
Series,1750-01-07 04:30:00,162.3597694
Series,1750-01-07 05:00:00,163.6129035
Series,1750-01-07 05:30:00,163.2384458
Series,1750-01-07 06:00:00,188.750588
Series,1750-01-07 06:30:00,181.4254065
Series,1750-01-07 07:00:00,187.1539965
Series,1750-01-07 07:30:00,184.4748928
Series,1750-01-07 08:00:00,187.7339358
Series,1750-01-07 08:30:00,196.5390627
Series,1750-01-07 09:00:00,195.3812674
Series,1750-01-07 09:30:00,196.8696813
Series,1750-01-07 10:00:00,196.1351463
Series,1750-01-07 10:30:00,193.1329754
Series,1750-01-07 11:00:00,188.620028
Series,1750-01-07 11:30:00,196.8077437
Series,1750-01-07 12:00:00,201.9214865
Series,1750-01-07 12:30:00,203.4727862
Series,1750-01-07 13:00:00,205.2727842
Series,1750-01-07 13:30:00,204.1592675
Series,1750-01-07 14:00:00,209.3471533
Series,1750-01-07 14:30:00,227.6004009
Series,1750-01-07 15:00:00,206.9544642
Series,1750-01-07 15:30:00,216.5150134
Series,1750-01-07 16:00:00,198.5225777
Series,1750-01-07 16:30:00,219.210291
Series,1750-01-07 17:00:00,179.4796501
Series,1750-01-07 17:30:00,171.116923
Series,1750-01-07 18:00:00,144.103121
Series,1750-01-07 18:30:00,153.4748278
Series,1750-01-07 19:00:00,136.4800591
Series,1750-01-07 19:30:00,134.2898283
Series,1750-01-07 20:00:00,135.1539484
Series,1750-01-07 20:30:00,134.9249317
Series,1750-01-07 21:00:00,133.2526006
Series,1750-01-07 21:30:00,127.9909752
Series,1750-01-07 22:00:00,120.8808462
Series,1750-01-07 22:30:00,130.9840191
Series,1750-01-07 23:00:00,138.4388402
Series,1750-01-07 23:30:00,132.2762545
Series,1750-01-08 00:00:00,135.1230965
Series,1750-01-08 00:30:00,147.0216909
Series,1750-01-08 01:00:00,133.4430768
Series,1750-01-08 01:30:00,159.2873792
Series,1750-01-08 02:00:00,155.935153
Series,1750-01-08 02:30:00,147.0723018
Series,1750-01-08 03:00:00,151.7724438
Series,1750-01-08 03:30:00,156.5263831
Series,1750-01-08 04:00:00,158.0113975
Series,1750-01-08 04:30:00,165.5025163
Series,1750-01-08 05:00:00,175.3581963
Series,1750-01-08 05:30:00,170.3490472
Series,1750-01-08 06:00:00,173.0489749
Series,1750-01-08 06:30:00,147.7273757
Series,1750-01-08 07:00:00,177.1577817
Series,1750-01-08 07:30:00,180.4883997
Series,1750-01-08 08:00:00,192.1496138
Series,1750-01-08 08:30:00,195.8716607
Series,1750-01-08 09:00:00,199.3304735
Series,1750-01-08 09:30:00,197.746123
Series,1750-01-08 10:00:00,193.5432366
Series,1750-01-08 10:30:00,201.9795331
Series,1750-01-08 11:00:00,214.8755861
Series,1750-01-08 11:30:00,214.3260291
Series,1750-01-08 12:00:00,222.3110491
Series,1750-01-08 12:30:00,210.4095916
Series,1750-01-08 13:00:00,214.4110194
Series,1750-01-08 13:30:00,206.4708627
Series,1750-01-08 14:00:00,200.250891
Series,1750-01-08 14:30:00,182.4016831
Series,1750-01-08 15:00:00,200.8157955
Series,1750-01-08 15:30:00,160.4503963
Series,1750-01-08 16:00:00,160.7795088
Series,1750-01-08 16:30:00,170.4536772
Series,1750-01-08 17:00:00,166.7075948
Series,1750-01-08 17:30:00,158.7979088
Series,1750-01-08 18:00:00,129.3501858
Series,1750-01-08 18:30:00,116.7317348
Series,1750-01-08 19:00:00,123.8355819
Series,1750-01-08 19:30:00,118.5870414
Series,1750-01-08 20:00:00,117.2043938
Series,1750-01-08 20:30:00,117.3793097
Series,1750-01-08 21:00:00,112.4018962
Series,1750-01-08 21:30:00,113.3237912
Series,1750-01-08 22:00:00,118.8895362
Series,1750-01-08 22:30:00,117.4380009
Series,1750-01-08 23:00:00,120.3510926
Series,1750-01-08 23:30:00,147.9676691
Series,1750-01-09 00:00:00,160.1228633
Series,1750-01-09 00:30:00,165.4207749
Series,1750-01-09 01:00:00,162.7380029
Series,1750-01-09 01:30:00,159.365309
Series,1750-01-09 02:00:00,187.971904
Series,1750-01-09 02:30:00,177.6422515
Series,1750-01-09 03:00:00,168.4920822
Series,1750-01-09 03:30:00,165.0982252
Series,1750-01-09 04:00:00,169.8108213
Series,1750-01-09 04:30:00,169.0494753
Series,1750-01-09 05:00:00,165.5731956
Series,1750-01-09 05:30:00,174.0823631
Series,1750-01-09 06:00:00,179.4640604
Series,1750-01-09 06:30:00,180.4139871
Series,1750-01-09 07:00:00,197.263649
Series,1750-01-09 07:30:00,175.7565867
Series,1750-01-09 08:00:00,190.7906984
Series,1750-01-09 08:30:00,195.7578649
Series,1750-01-09 09:00:00,191.4889461
Series,1750-01-09 09:30:00,194.3762075
Series,1750-01-09 10:00:00,193.2611884
Series,1750-01-09 10:30:00,194.3086856
Series,1750-01-09 11:00:00,197.0082245
Series,1750-01-09 11:30:00,166.308393
Series,1750-01-09 12:00:00,151.7488905
Series,1750-01-09 12:30:00,149.6514611
Series,1750-01-09 13:00:00,142.9729983
Series,1750-01-09 13:30:00,135.8963331
Series,1750-01-09 14:00:00,133.6697751
Series,1750-01-09 14:30:00,105.3669707
Series,1750-01-09 15:00:00,95.29945411
Series,1750-01-09 15:30:00,103.2319545
Series,1750-01-09 16:00:00,93.62661229
Series,1750-01-09 16:30:00,93.33162429
Series,1750-01-09 17:00:00,98.76860008
Series,1750-01-09 17:30:00,105.0065163
Series,1750-01-09 18:00:00,100.8633746
Series,1750-01-09 18:30:00,94.56643462
Series,1750-01-09 19:00:00,94.46675004
Series,1750-01-09 19:30:00,99.13197621
Series,1750-01-09 20:00:00,112.6157063
Series,1750-01-09 20:30:00,113.9928376
Series,1750-01-09 21:00:00,133.7162675
Series,1750-01-09 21:30:00,139.6082199
Series,1750-01-09 22:00:00,137.5383716
Series,1750-01-09 22:30:00,143.9333368
Series,1750-01-09 23:00:00,150.6243946
Series,1750-01-09 23:30:00,152.341026
Series,1750-01-10 00:00:00,176.8000847
Series,1750-01-10 00:30:00,169.3775412
Series,1750-01-10 01:00:00,174.0222757
Series,1750-01-10 01:30:00,181.9498263
Series,1750-01-10 02:00:00,167.5762637
Series,1750-01-10 02:30:00,185.2915559
Series,1750-01-10 03:00:00,171.1111642
Series,1750-01-10 03:30:00,187.680626
Series,1750-01-10 04:00:00,186.5160962
Series,1750-01-10 04:30:00,205.7143789
Series,1750-01-10 05:00:00,208.0964151
Series,1750-01-10 05:30:00,207.5003864
Series,1750-01-10 06:00:00,205.9817085
Series,1750-01-10 06:30:00,194.3378848
Series,1750-01-10 07:00:00,187.5913457
Series,1750-01-10 07:30:00,198.3315354
Series,1750-01-10 08:00:00,198.0829816
Series,1750-01-10 08:30:00,200.8943632
Series,1750-01-10 09:00:00,192.638265
Series,1750-01-10 09:30:00,186.721699
Series,1750-01-10 10:00:00,204.1975791
Series,1750-01-10 10:30:00,199.9166845
Series,1750-01-10 11:00:00,178.9318662
Series,1750-01-10 11:30:00,181.3289679
Series,1750-01-10 12:00:00,165.3177943
Series,1750-01-10 12:30:00,172.1306665
Series,1750-01-10 13:00:00,170.5003281
Series,1750-01-10 13:30:00,150.4339504
Series,1750-01-10 14:00:00,74.48920667
Series,1750-01-10 14:30:00,156.2699085
Series,1750-01-10 15:00:00,80.4611618
Series,1750-01-10 15:30:00,80.64895624
Series,1750-01-10 16:00:00,73.63629105
Series,1750-01-10 16:30:00,69.65755587
Series,1750-01-10 17:00:00,70.79117774
Series,1750-01-10 17:30:00,103.283229
Series,1750-01-10 18:00:00,102.0383225
Series,1750-01-10 18:30:00,130.7191709
Series,1750-01-10 19:00:00,174.8340024
Series,1750-01-10 19:30:00,137.8145991
Series,1750-01-10 20:00:00,152.9106165
Series,1750-01-10 20:30:00,150.9605236
Series,1750-01-10 21:00:00,161.6817663
Series,1750-01-10 21:30:00,166.701819
Series,1750-01-10 22:00:00,169.3107916
Series,1750-01-10 22:30:00,153.1029845
Series,1750-01-10 23:00:00,186.1845235
Series,1750-01-10 23:30:00,196.5788656
Series,1750-01-11 00:00:00,187.293936
Series,1750-01-11 00:30:00,187.7074367
Series,1750-01-11 01:00:00,195.0496073
Series,1750-01-11 01:30:00,197.4588231
Series,1750-01-11 02:00:00,208.1963967
Series,1750-01-11 02:30:00,197.4638007
Series,1750-01-11 03:00:00,195.9347257
Series,1750-01-11 03:30:00,194.104747
Series,1750-01-11 04:00:00,199.983451
Series,1750-01-11 04:30:00,195.8334435
Series,1750-01-11 05:00:00,203.1584154
Series,1750-01-11 05:30:00,196.753351
Series,1750-01-11 06:00:00,203.2587125
Series,1750-01-11 06:30:00,196.5473714
Series,1750-01-11 07:00:00,208.7126146
Series,1750-01-11 07:30:00,214.0832937
Series,1750-01-11 08:00:00,216.6103906
Series,1750-01-11 08:30:00,192.3780807
Series,1750-01-11 09:00:00,174.6501759
Series,1750-01-11 09:30:00,179.1753714
Series,1750-01-11 10:00:00,162.8277731
Series,1750-01-11 10:30:00,128.286896
Series,1750-01-11 11:00:00,161.8840474
Series,1750-01-11 11:30:00,141.8806587
Series,1750-01-11 12:00:00,136.4354481
Series,1750-01-11 12:30:00,139.0520689
Series,1750-01-11 13:00:00,136.3612168
Series,1750-01-11 13:30:00,134.487676
Series,1750-01-11 14:00:00,129.3505089
Series,1750-01-11 14:30:00,126.0984569
Series,1750-01-11 15:00:00,131.6493663
Series,1750-01-11 15:30:00,137.5956958
Series,1750-01-11 16:00:00,129.3609297
Series,1750-01-11 16:30:00,136.3531896
Series,1750-01-11 17:00:00,119.2462899
Series,1750-01-11 17:30:00,132.9863882
Series,1750-01-11 18:00:00,156.6456378
Series,1750-01-11 18:30:00,154.0205238
Series,1750-01-11 19:00:00,172.1683389
Series,1750-01-11 19:30:00,157.2725756
Series,1750-01-11 20:00:00,150.6188301
Series,1750-01-11 20:30:00,153.7587213
Series,1750-01-11 21:00:00,158.5305348
Series,1750-01-11 21:30:00,178.2223286
Series,1750-01-11 22:00:00,169.6672679
Series,1750-01-11 22:30:00,171.9215725
Series,1750-01-11 23:00:00,169.0411595
Series,1750-01-11 23:30:00,175.6159357
Series,1750-01-12 00:00:00,195.0047848
Series,1750-01-12 00:30:00,192.1458011
Series,1750-01-12 01:00:00,192.9764339
Series,1750-01-12 01:30:00,197.890403
Series,1750-01-12 02:00:00,200.3714797
Series,1750-01-12 02:30:00,193.1398683
Series,1750-01-12 03:00:00,202.98489
Series,1750-01-12 03:30:00,207.8187097
Series,1750-01-12 04:00:00,214.8597762
Series,1750-01-12 04:30:00,200.1364866
Series,1750-01-12 05:00:00,212.7988794
Series,1750-01-12 05:30:00,215.6689379
Series,1750-01-12 06:00:00,193.5046482
Series,1750-01-12 06:30:00,200.401647
Series,1750-01-12 07:00:00,189.0902303
Series,1750-01-12 07:30:00,188.3630548
Series,1750-01-12 08:00:00,156.1782681
Series,1750-01-12 08:30:00,157.8914917
Series,1750-01-12 09:00:00,147.8420212
Series,1750-01-12 09:30:00,152.52506
Series,1750-01-12 10:00:00,139.7897807
Series,1750-01-12 10:30:00,152.5948195
Series,1750-01-12 11:00:00,117.3409687
Series,1750-01-12 11:30:00,120.30684
Series,1750-01-12 12:00:00,119.3416195
Series,1750-01-12 12:30:00,117.8336326
Series,1750-01-12 13:00:00,116.831965
Series,1750-01-12 13:30:00,117.0525335
Series,1750-01-12 14:00:00,111.655942
Series,1750-01-12 14:30:00,116.9009692
Series,1750-01-12 15:00:00,118.0221858
Series,1750-01-12 15:30:00,143.9379005
Series,1750-01-12 16:00:00,128.5749435
Series,1750-01-12 16:30:00,155.079739
Series,1750-01-12 17:00:00,155.9503323
Series,1750-01-12 17:30:00,168.1007354
Series,1750-01-12 18:00:00,162.8931696
Series,1750-01-12 18:30:00,184.5380336
Series,1750-01-12 19:00:00,178.2017618
Series,1750-01-12 19:30:00,167.8732543
Series,1750-01-12 20:00:00,166.3895124
Series,1750-01-12 20:30:00,169.7768773
Series,1750-01-12 21:00:00,162.9889468
Series,1750-01-12 21:30:00,166.946292
Series,1750-01-12 22:00:00,174.2914596
Series,1750-01-12 22:30:00,185.2475915
Series,1750-01-12 23:00:00,179.6763422
Series,1750-01-12 23:30:00,190.8332321
Series,1750-01-13 00:00:00,184.7916683
Series,1750-01-13 00:30:00,193.7382649
Series,1750-01-13 01:00:00,196.0291789
Series,1750-01-13 01:30:00,190.8366829
Series,1750-01-13 02:00:00,193.306444
Series,1750-01-13 02:30:00,197.7770214
Series,1750-01-13 03:00:00,196.3352971
Series,1750-01-13 03:30:00,187.6366411
Series,1750-01-13 04:00:00,154.6165887
Series,1750-01-13 04:30:00,158.7396324
Series,1750-01-13 05:00:00,146.4553714
Series,1750-01-13 05:30:00,141.7229604
Series,1750-01-13 06:00:00,138.4497344
Series,1750-01-13 06:30:00,131.7587695
Series,1750-01-13 07:00:00,107.3478934
Series,1750-01-13 07:30:00,107.9525288
Series,1750-01-13 08:00:00,91.42435456
Series,1750-01-13 08:30:00,87.98106843
Series,1750-01-13 09:00:00,87.56333571
Series,1750-01-13 09:30:00,102.4466075
Series,1750-01-13 10:00:00,105.3884517
Series,1750-01-13 10:30:00,121.4114244
Series,1750-01-13 11:00:00,132.5273721
Series,1750-01-13 11:30:00,135.3246594
Series,1750-01-13 12:00:00,157.3931692
Series,1750-01-13 12:30:00,159.4194764
Series,1750-01-13 13:00:00,182.5693118
Series,1750-01-13 13:30:00,179.5164927
Series,1750-01-13 14:00:00,171.8391495
Series,1750-01-13 14:30:00,169.277616
Series,1750-01-13 15:00:00,172.8900254
Series,1750-01-13 15:30:00,183.8048541
Series,1750-01-13 16:00:00,188.8521849
Series,1750-01-13 16:30:00,188.1113656
Series,1750-01-13 17:00:00,192.0043441
Series,1750-01-13 17:30:00,187.3156994
Series,1750-01-13 18:00:00,196.8875262
Series,1750-01-13 18:30:00,185.0245114
Series,1750-01-13 19:00:00,186.0165118
Series,1750-01-13 19:30:00,178.9819917
Series,1750-01-13 20:00:00,197.4096349
Series,1750-01-13 20:30:00,197.1480913
Series,1750-01-13 21:00:00,200.521324
Series,1750-01-13 21:30:00,198.4856713
Series,1750-01-13 22:00:00,195.5145466
Series,1750-01-13 22:30:00,184.0627165
Series,1750-01-13 23:00:00,175.2747317
Series,1750-01-13 23:30:00,155.4623317
Series,1750-01-14 00:00:00,149.6254008
Series,1750-01-14 00:30:00,142.3579692
Series,1750-01-14 01:00:00,148.5662181
Series,1750-01-14 01:30:00,142.6408653
Series,1750-01-14 02:00:00,141.1717537
Series,1750-01-14 02:30:00,139.5671731
Series,1750-01-14 03:00:00,145.5657954
Series,1750-01-14 03:30:00,134.4208528
Series,1750-01-14 04:00:00,129.01886
Series,1750-01-14 04:30:00,121.2530853
Series,1750-01-14 05:00:00,115.2962986
Series,1750-01-14 05:30:00,104.6001126
Series,1750-01-14 06:00:00,112.8650483
Series,1750-01-14 06:30:00,91.96655007
Series,1750-01-14 07:00:00,95.65659927
Series,1750-01-14 07:30:00,101.8578501
Series,1750-01-14 08:00:00,98.19211963
Series,1750-01-14 08:30:00,111.5471801
Series,1750-01-14 09:00:00,125.9707656
Series,1750-01-14 09:30:00,135.9677195
Series,1750-01-14 10:00:00,143.2792753
Series,1750-01-14 10:30:00,153.6475617
Series,1750-01-14 11:00:00,160.9911743
Series,1750-01-14 11:30:00,172.5190762
Series,1750-01-14 12:00:00,180.5214853
Series,1750-01-14 12:30:00,188.7713848
Series,1750-01-14 13:00:00,181.7942776
Series,1750-01-14 13:30:00,184.3469978
Series,1750-01-14 14:00:00,191.3699478
Series,1750-01-14 14:30:00,186.8933758
Series,1750-01-14 15:00:00,188.2707226
Series,1750-01-14 15:30:00,187.7435887
Series,1750-01-14 16:00:00,176.6020993
Series,1750-01-14 16:30:00,172.2716021
Series,1750-01-14 17:00:00,176.9126409
Series,1750-01-14 17:30:00,174.6767623
Series,1750-01-14 18:00:00,171.9242351
Series,1750-01-14 18:30:00,198.1485183
Series,1750-01-14 19:00:00,196.7920918
Series,1750-01-14 19:30:00,195.5824218
Series,1750-01-14 20:00:00,169.3409853
Series,1750-01-14 20:30:00,168.1862917
Series,1750-01-14 21:00:00,166.3118552
Series,1750-01-14 21:30:00,153.3509709
Series,1750-01-14 22:00:00,145.2778004
Series,1750-01-14 22:30:00,134.3641123
Series,1750-01-14 23:00:00,139.9646341
Series,1750-01-14 23:30:00,141.1325881
Series,1750-01-15 00:00:00,116.5114563
Series,1750-01-15 00:30:00,110.4619719
Series,1750-01-15 01:00:00,109.2676221
Series,1750-01-15 01:30:00,101.4590581
Series,1750-01-15 02:00:00,99.57093993
Series,1750-01-15 02:30:00,101.4620754
Series,1750-01-15 03:00:00,101.6889706
Series,1750-01-15 03:30:00,113.607691
Series,1750-01-15 04:00:00,108.8110292
Series,1750-01-15 04:30:00,112.1608533
Series,1750-01-15 05:00:00,121.2852675
Series,1750-01-15 05:30:00,118.0892885
Series,1750-01-15 06:00:00,123.0132411
Series,1750-01-15 06:30:00,142.1436076
Series,1750-01-15 07:00:00,147.0784424
Series,1750-01-15 07:30:00,151.0567122
Series,1750-01-15 08:00:00,165.0801403
Series,1750-01-15 08:30:00,145.8941942
Series,1750-01-15 09:00:00,149.4274457
Series,1750-01-15 09:30:00,169.9556373
Series,1750-01-15 10:00:00,162.1622349
Series,1750-01-15 10:30:00,149.1750481
Series,1750-01-15 11:00:00,154.7899883
Series,1750-01-15 11:30:00,153.2910389
Series,1750-01-15 12:00:00,151.1902117
Series,1750-01-15 12:30:00,164.6400612
Series,1750-01-15 13:00:00,169.1880418
Series,1750-01-15 13:30:00,167.3615454
Series,1750-01-15 14:00:00,160.7263192
Series,1750-01-15 14:30:00,167.8284494
Series,1750-01-15 15:00:00,177.2697829
Series,1750-01-15 15:30:00,180.6726905
Series,1750-01-15 16:00:00,187.7690847
Series,1750-01-15 16:30:00,177.2534321
Series,1750-01-15 17:00:00,171.3633796
Series,1750-01-15 17:30:00,151.7735493
Series,1750-01-15 18:00:00,148.2993532
Series,1750-01-15 18:30:00,136.5499224
Series,1750-01-15 19:00:00,132.0493562
Series,1750-01-15 19:30:00,124.9849182
Series,1750-01-15 20:00:00,122.5332954
Series,1750-01-15 20:30:00,111.5318583
Series,1750-01-15 21:00:00,105.6134813
Series,1750-01-15 21:30:00,95.68577683
Series,1750-01-15 22:00:00,93.2439881
Series,1750-01-15 22:30:00,87.76349456
Series,1750-01-15 23:00:00,86.54085057
Series,1750-01-15 23:30:00,88.58676766
Series,1750-01-16 00:00:00,92.03201999
Series,1750-01-16 00:30:00,99.78295527
Series,1750-01-16 01:00:00,107.3582582
Series,1750-01-16 01:30:00,105.5214507
Series,1750-01-16 02:00:00,108.0345618
Series,1750-01-16 02:30:00,120.5936847
Series,1750-01-16 03:00:00,144.3067575
Series,1750-01-16 03:30:00,154.4520981
Series,1750-01-16 04:00:00,155.7307869
Series,1750-01-16 04:30:00,173.3347832
Series,1750-01-16 05:00:00,185.3133476
Series,1750-01-16 05:30:00,187.3832848
Series,1750-01-16 06:00:00,187.3201156
Series,1750-01-16 06:30:00,196.2209598
Series,1750-01-16 07:00:00,181.5054084
Series,1750-01-16 07:30:00,197.4218771
Series,1750-01-16 08:00:00,206.1635767
Series,1750-01-16 08:30:00,197.2234539
Series,1750-01-16 09:00:00,205.0187056
Series,1750-01-16 09:30:00,207.6284216
Series,1750-01-16 10:00:00,206.4798276
Series,1750-01-16 10:30:00,209.8992505
Series,1750-01-16 11:00:00,202.7186934
Series,1750-01-16 11:30:00,196.6448645
Series,1750-01-16 12:00:00,198.3746441
Series,1750-01-16 12:30:00,211.8475434
Series,1750-01-16 13:00:00,209.7138702
Series,1750-01-16 13:30:00,201.7830252
Series,1750-01-16 14:00:00,196.8048763
Series,1750-01-16 14:30:00,189.7606824
Series,1750-01-16 15:00:00,196.2606241
Series,1750-01-16 15:30:00,162.9571425
Series,1750-01-16 16:00:00,156.3530338
Series,1750-01-16 16:30:00,148.0280209
Series,1750-01-16 17:00:00,151.0263474
Series,1750-01-16 17:30:00,144.5315392
Series,1750-01-16 18:00:00,139.2331482
Series,1750-01-16 18:30:00,144.9625676
Series,1750-01-16 19:00:00,144.2648404
Series,1750-01-16 19:30:00,130.3124581
Series,1750-01-16 20:00:00,122.3786208
Series,1750-01-16 20:30:00,107.3995868
Series,1750-01-16 21:00:00,112.3372905
Series,1750-01-16 21:30:00,123.7880263
Series,1750-01-16 22:00:00,139.1608486
Series,1750-01-16 22:30:00,142.2401183
Series,1750-01-16 23:00:00,147.8827527
Series,1750-01-16 23:30:00,175.0785633
Series,1750-01-17 00:00:00,190.0073917
Series,1750-01-17 00:30:00,216.237988
Series,1750-01-17 01:00:00,206.9799215
Series,1750-01-17 01:30:00,208.0773108
Series,1750-01-17 02:00:00,205.4311957
Series,1750-01-17 02:30:00,230.079979
Series,1750-01-17 03:00:00,220.0486145
Series,1750-01-17 03:30:00,223.7069821
Series,1750-01-17 04:00:00,219.3390502
Series,1750-01-17 04:30:00,219.8546838
Series,1750-01-17 05:00:00,219.006854
Series,1750-01-17 05:30:00,223.9125443
Series,1750-01-17 06:00:00,223.8431847
Series,1750-01-17 06:30:00,225.3273182
Series,1750-01-17 07:00:00,222.2173363
Series,1750-01-17 07:30:00,207.6105482
Series,1750-01-17 08:00:00,199.7457064
Series,1750-01-17 08:30:00,208.2226865
Series,1750-01-17 09:00:00,214.534107
Series,1750-01-17 09:30:00,201.7633986
Series,1750-01-17 10:00:00,188.3725753
Series,1750-01-17 10:30:00,182.9529042
Series,1750-01-17 11:00:00,182.9206819
Series,1750-01-17 11:30:00,173.0550524
Series,1750-01-17 12:00:00,165.4237985
Series,1750-01-17 12:30:00,164.1281019
Series,1750-01-17 13:00:00,166.3113514
Series,1750-01-17 13:30:00,154.3317505
Series,1750-01-17 14:00:00,144.0209434
Series,1750-01-17 14:30:00,137.8110744
Series,1750-01-17 15:00:00,131.118542
Series,1750-01-17 15:30:00,123.2506617
Series,1750-01-17 16:00:00,112.54015
Series,1750-01-17 16:30:00,112.4674653
Series,1750-01-17 17:00:00,113.1635798
Series,1750-01-17 17:30:00,115.8366183
Series,1750-01-17 18:00:00,114.8018282
Series,1750-01-17 18:30:00,123.8533198
Series,1750-01-17 19:00:00,134.8293153
Series,1750-01-17 19:30:00,165.4360062
Series,1750-01-17 20:00:00,169.2910394
Series,1750-01-17 20:30:00,166.6188396
Series,1750-01-17 21:00:00,167.363471
Series,1750-01-17 21:30:00,182.608944
Series,1750-01-17 22:00:00,166.375481
Series,1750-01-17 22:30:00,147.193874
Series,1750-01-17 23:00:00,151.4850309
Series,1750-01-17 23:30:00,153.4183887
Series,1750-01-18 00:00:00,171.6999781
Series,1750-01-18 00:30:00,172.0508518
Series,1750-01-18 01:00:00,168.2963118
Series,1750-01-18 01:30:00,180.1044925
Series,1750-01-18 02:00:00,180.2768987
Series,1750-01-18 02:30:00,169.1054947
Series,1750-01-18 03:00:00,171.9800015
Series,1750-01-18 03:30:00,178.0053436
Series,1750-01-18 04:00:00,159.359547
Series,1750-01-18 04:30:00,167.9295139
Series,1750-01-18 05:00:00,168.2766576
Series,1750-01-18 05:30:00,169.434705
Series,1750-01-18 06:00:00,179.0587975
Series,1750-01-18 06:30:00,159.845848
Series,1750-01-18 07:00:00,186.7792831
Series,1750-01-18 07:30:00,173.8683545
Series,1750-01-18 08:00:00,174.1438149
Series,1750-01-18 08:30:00,157.6063859
Series,1750-01-18 09:00:00,137.66091
Series,1750-01-18 09:30:00,135.2784221
Series,1750-01-18 10:00:00,128.7464192
Series,1750-01-18 10:30:00,125.024427
Series,1750-01-18 11:00:00,119.3091107
Series,1750-01-18 11:30:00,104.6650692
Series,1750-01-18 12:00:00,108.7823946
Series,1750-01-18 12:30:00,105.3826071
Series,1750-01-18 13:00:00,108.7469282
Series,1750-01-18 13:30:00,93.50171127
Series,1750-01-18 14:00:00,98.18586164
Series,1750-01-18 14:30:00,114.3987091
Series,1750-01-18 15:00:00,115.6742714
Series,1750-01-18 15:30:00,131.6532027
Series,1750-01-18 16:00:00,136.9357441
Series,1750-01-18 16:30:00,139.3213124
Series,1750-01-18 17:00:00,148.4525956
Series,1750-01-18 17:30:00,164.1942657
Series,1750-01-18 18:00:00,181.1147903
Series,1750-01-18 18:30:00,189.1399284
Series,1750-01-18 19:00:00,193.6591977
Series,1750-01-18 19:30:00,200.7516729
Series,1750-01-18 20:00:00,200.2745969
Series,1750-01-18 20:30:00,195.3003006
Series,1750-01-18 21:00:00,194.9752897
Series,1750-01-18 21:30:00,205.0192655
Series,1750-01-18 22:00:00,208.9629396
Series,1750-01-18 22:30:00,197.7528966
Series,1750-01-18 23:00:00,211.4762218
Series,1750-01-18 23:30:00,199.9612897
Series,1750-01-19 00:00:00,190.7560084
Series,1750-01-19 00:30:00,191.3938674
Series,1750-01-19 01:00:00,172.5317525
Series,1750-01-19 01:30:00,154.0520888
Series,1750-01-19 02:00:00,167.5421253
Series,1750-01-19 02:30:00,164.4070479
Series,1750-01-19 03:00:00,158.4400724
Series,1750-01-19 03:30:00,160.4466831
Series,1750-01-19 04:00:00,142.050304
Series,1750-01-19 04:30:00,146.0927345
Series,1750-01-19 05:00:00,141.1492796
Series,1750-01-19 05:30:00,131.8998716
Series,1750-01-19 06:00:00,123.4624622
Series,1750-01-19 06:30:00,118.5130311
Series,1750-01-19 07:00:00,114.7189767
Series,1750-01-19 07:30:00,102.8531507
Series,1750-01-19 08:00:00,102.6391639
Series,1750-01-19 08:30:00,95.51800602
Series,1750-01-19 09:00:00,110.2950484
Series,1750-01-19 09:30:00,98.31718447
Series,1750-01-19 10:00:00,120.3414253
Series,1750-01-19 10:30:00,185.248022
Series,1750-01-19 11:00:00,184.4617293
Series,1750-01-19 11:30:00,150.7842697
Series,1750-01-19 12:00:00,148.3589739
Series,1750-01-19 12:30:00,160.2566473
Series,1750-01-19 13:00:00,181.3273835
Series,1750-01-19 13:30:00,151.0925622
Series,1750-01-19 14:00:00,174.7731051
Series,1750-01-19 14:30:00,181.7965664
Series,1750-01-19 15:00:00,182.564561
Series,1750-01-19 15:30:00,189.1136312
Series,1750-01-19 16:00:00,189.8329045
Series,1750-01-19 16:30:00,194.9305874
Series,1750-01-19 17:00:00,196.9117124
Series,1750-01-19 17:30:00,206.5375626
Series,1750-01-19 18:00:00,197.8259092
Series,1750-01-19 18:30:00,196.3266464
Series,1750-01-19 19:00:00,203.8499103
Series,1750-01-19 19:30:00,203.5886382
Series,1750-01-19 20:00:00,198.5154308
Series,1750-01-19 20:30:00,202.7305579
Series,1750-01-19 21:00:00,214.1482826
Series,1750-01-19 21:30:00,201.9881485
Series,1750-01-19 22:00:00,208.9196481
Series,1750-01-19 22:30:00,210.0784795
Series,1750-01-19 23:00:00,217.3056104
Series,1750-01-19 23:30:00,216.7069125
Series,1750-01-20 00:00:00,223.8925241
Series,1750-01-20 00:30:00,210.247701
Series,1750-01-20 01:00:00,179.2681599
Series,1750-01-20 01:30:00,141.7414696
Series,1750-01-20 02:00:00,127.0415703
Series,1750-01-20 02:30:00,137.0415179
Series,1750-01-20 03:00:00,143.0761385
Series,1750-01-20 03:30:00,137.0422471
Series,1750-01-20 04:00:00,134.8097614
Series,1750-01-20 04:30:00,134.705202
Series,1750-01-20 05:00:00,135.5188399
Series,1750-01-20 05:30:00,130.5305551
Series,1750-01-20 06:00:00,125.9128092
Series,1750-01-20 06:30:00,129.8195675
Series,1750-01-20 07:00:00,132.8963619
Series,1750-01-20 07:30:00,126.9123282
Series,1750-01-20 08:00:00,128.6809437
Series,1750-01-20 08:30:00,136.577411
Series,1750-01-20 09:00:00,135.8404407
Series,1750-01-20 09:30:00,135.5013211
Series,1750-01-20 10:00:00,145.7931275
Series,1750-01-20 10:30:00,157.0157435
Series,1750-01-20 11:00:00,141.7193952
Series,1750-01-20 11:30:00,144.9133572
Series,1750-01-20 12:00:00,155.8376506
Series,1750-01-20 12:30:00,167.5406756
Series,1750-01-20 13:00:00,179.0641445
Series,1750-01-20 13:30:00,168.0942625
Series,1750-01-20 14:00:00,165.6970146
Series,1750-01-20 14:30:00,159.5481115
Series,1750-01-20 15:00:00,167.8507083
Series,1750-01-20 15:30:00,185.4231545
Series,1750-01-20 16:00:00,189.9157823
Series,1750-01-20 16:30:00,193.0332064
Series,1750-01-20 17:00:00,198.412896
Series,1750-01-20 17:30:00,197.6702874
Series,1750-01-20 18:00:00,202.9582579
Series,1750-01-20 18:30:00,206.5136495
Series,1750-01-20 19:00:00,210.8429081
Series,1750-01-20 19:30:00,225.3771849
Series,1750-01-20 20:00:00,220.0586181
Series,1750-01-20 20:30:00,205.2479551
Series,1750-01-20 21:00:00,214.5726932
Series,1750-01-20 21:30:00,194.717984
Series,1750-01-20 22:00:00,193.9427087
Series,1750-01-20 22:30:00,182.9305878
Series,1750-01-20 23:00:00,172.8790753
Series,1750-01-20 23:30:00,185.3242732
Series,1750-01-21 00:00:00,155.061696
Series,1750-01-21 00:30:00,166.2744883
Series,1750-01-21 01:00:00,155.4517635
Series,1750-01-21 01:30:00,126.461211
Series,1750-01-21 02:00:00,132.321357
Series,1750-01-21 02:30:00,120.0035633
Series,1750-01-21 03:00:00,119.612539
Series,1750-01-21 03:30:00,122.2464128
Series,1750-01-21 04:00:00,116.0355196
Series,1750-01-21 04:30:00,112.452781
Series,1750-01-21 05:00:00,117.3590902
Series,1750-01-21 05:30:00,112.3726217
Series,1750-01-21 06:00:00,111.4989086
Series,1750-01-21 06:30:00,117.0166502
Series,1750-01-21 07:00:00,124.0811333
Series,1750-01-21 07:30:00,155.8160195
Series,1750-01-21 08:00:00,153.9882614
Series,1750-01-21 08:30:00,166.1168546
Series,1750-01-21 09:00:00,163.7344845
Series,1750-01-21 09:30:00,161.5989929
Series,1750-01-21 10:00:00,159.3725964
Series,1750-01-21 10:30:00,172.0127548
Series,1750-01-21 11:00:00,167.9791258
Series,1750-01-21 11:30:00,161.6562631
Series,1750-01-21 12:00:00,168.8463916
Series,1750-01-21 12:30:00,166.5430207
Series,1750-01-21 13:00:00,167.0617385
Series,1750-01-21 13:30:00,175.2951386
Series,1750-01-21 14:00:00,177.8095796
Series,1750-01-21 14:30:00,177.1140421
Series,1750-01-21 15:00:00,188.1522579
Series,1750-01-21 15:30:00,185.4920202
Series,1750-01-21 16:00:00,191.0356092
Series,1750-01-21 16:30:00,189.0341551
Series,1750-01-21 17:00:00,191.2246649
Series,1750-01-21 17:30:00,193.9001832
Series,1750-01-21 18:00:00,198.0296567
Series,1750-01-21 18:30:00,193.8140811
Series,1750-01-21 19:00:00,194.4707863
Series,1750-01-21 19:30:00,180.1099237
Series,1750-01-21 20:00:00,159.0528122
Series,1750-01-21 20:30:00,145.8245721
Series,1750-01-21 21:00:00,143.1710198
Series,1750-01-21 21:30:00,138.1396716
Series,1750-01-21 22:00:00,134.8674383
Series,1750-01-21 22:30:00,104.1718513
Series,1750-01-21 23:00:00,101.1880298
Series,1750-01-21 23:30:00,96.21381673
Series,1750-01-22 00:00:00,96.65600273
Series,1750-01-22 00:30:00,100.4075989
Series,1750-01-22 01:00:00,103.622304
Series,1750-01-22 01:30:00,101.6612866
Series,1750-01-22 02:00:00,99.59240475
Series,1750-01-22 02:30:00,92.88798379
Series,1750-01-22 03:00:00,97.82589389
Series,1750-01-22 03:30:00,98.0605568
Series,1750-01-22 04:00:00,81.34275693
Series,1750-01-22 04:30:00,126.3529263
Series,1750-01-22 05:00:00,125.1705969
Series,1750-01-22 05:30:00,131.2045682
Series,1750-01-22 06:00:00,135.4805847
Series,1750-01-22 06:30:00,139.0038658
Series,1750-01-22 07:00:00,146.4709868
Series,1750-01-22 07:30:00,135.677848
Series,1750-01-22 08:00:00,169.042771
Series,1750-01-22 08:30:00,180.918755
Series,1750-01-22 09:00:00,181.7457055
Series,1750-01-22 09:30:00,180.4464199
Series,1750-01-22 10:00:00,174.3044381
Series,1750-01-22 10:30:00,178.1127202
Series,1750-01-22 11:00:00,174.0887929
Series,1750-01-22 11:30:00,187.4417092
Series,1750-01-22 12:00:00,187.9783864
Series,1750-01-22 12:30:00,204.9474197
Series,1750-01-22 13:00:00,194.6972021
Series,1750-01-22 13:30:00,209.5653151
Series,1750-01-22 14:00:00,207.0337463
Series,1750-01-22 14:30:00,198.2161461
Series,1750-01-22 15:00:00,182.0533938
Series,1750-01-22 15:30:00,197.1825317
Series,1750-01-22 16:00:00,197.4879676
Series,1750-01-22 16:30:00,200.5832615
Series,1750-01-22 17:00:00,179.6176351
Series,1750-01-22 17:30:00,199.9305635
Series,1750-01-22 18:00:00,202.7936407
Series,1750-01-22 18:30:00,214.5081929
Series,1750-01-22 19:00:00,196.3944373
Series,1750-01-22 19:30:00,177.0661083
Series,1750-01-22 20:00:00,163.2325192
Series,1750-01-22 20:30:00,172.1400763
Series,1750-01-22 21:00:00,158.5219658
Series,1750-01-22 21:30:00,94.8910937
Series,1750-01-22 22:00:00,75.57202804
Series,1750-01-22 22:30:00,101.7352034
Series,1750-01-22 23:00:00,74.12361318
Series,1750-01-22 23:30:00,78.49279124
Series,1750-01-23 00:00:00,73.25725265
Series,1750-01-23 00:30:00,68.2970865
Series,1750-01-23 01:00:00,69.95405471
Series,1750-01-23 01:30:00,99.32897748
Series,1750-01-23 02:00:00,103.4251399
Series,1750-01-23 02:30:00,122.3154219
Series,1750-01-23 03:00:00,130.4634759
Series,1750-01-23 03:30:00,152.0261062
Series,1750-01-23 04:00:00,146.3491397
Series,1750-01-23 04:30:00,150.1814381
Series,1750-01-23 05:00:00,169.4035414
Series,1750-01-23 05:30:00,166.344459
Series,1750-01-23 06:00:00,157.6803045
Series,1750-01-23 06:30:00,182.2799023
Series,1750-01-23 07:00:00,195.6282557
Series,1750-01-23 07:30:00,190.0163998
Series,1750-01-23 08:00:00,189.5829328
Series,1750-01-23 08:30:00,186.445905
Series,1750-01-23 09:00:00,188.5616448
Series,1750-01-23 09:30:00,197.8622308
Series,1750-01-23 10:00:00,201.2936718
Series,1750-01-23 10:30:00,197.8348949
Series,1750-01-23 11:00:00,196.7688787
Series,1750-01-23 11:30:00,191.4792992
Series,1750-01-23 12:00:00,200.0475308
Series,1750-01-23 12:30:00,201.7745862
Series,1750-01-23 13:00:00,204.1674473
Series,1750-01-23 13:30:00,202.6939111
Series,1750-01-23 14:00:00,201.3331722
Series,1750-01-23 14:30:00,198.9934702
Series,1750-01-23 15:00:00,207.8484051
Series,1750-01-23 15:30:00,211.7118777
Series,1750-01-23 16:00:00,216.5896834
Series,1750-01-23 16:30:00,192.9716087
Series,1750-01-23 17:00:00,226.9554293
Series,1750-01-23 17:30:00,181.8476974
Series,1750-01-23 18:00:00,163.1162874
Series,1750-01-23 18:30:00,135.155007
Series,1750-01-23 19:00:00,145.437285
Series,1750-01-23 19:30:00,134.3301331
Series,1750-01-23 20:00:00,135.3514102
Series,1750-01-23 20:30:00,131.9140316
Series,1750-01-23 21:00:00,136.0349461
Series,1750-01-23 21:30:00,134.9914019
Series,1750-01-23 22:00:00,134.0335594
Series,1750-01-23 22:30:00,135.6004462
Series,1750-01-23 23:00:00,130.0722858
Series,1750-01-23 23:30:00,131.4702281
Series,1750-01-24 00:00:00,128.9525087
Series,1750-01-24 00:30:00,134.6621544
Series,1750-01-24 01:00:00,134.6235901
Series,1750-01-24 01:30:00,133.3923913
Series,1750-01-24 02:00:00,137.6207699
Series,1750-01-24 02:30:00,133.8795416
Series,1750-01-24 03:00:00,168.5720935
Series,1750-01-24 03:30:00,134.5698052
Series,1750-01-24 04:00:00,157.0031638
Series,1750-01-24 04:30:00,159.5580309
Series,1750-01-24 05:00:00,168.7876273
Series,1750-01-24 05:30:00,170.2141621
Series,1750-01-24 06:00:00,170.7985625
Series,1750-01-24 06:30:00,168.6758966
Series,1750-01-24 07:00:00,166.1278499
Series,1750-01-24 07:30:00,176.6415197
Series,1750-01-24 08:00:00,184.0536533
Series,1750-01-24 08:30:00,190.7636781
Series,1750-01-24 09:00:00,192.0161057
Series,1750-01-24 09:30:00,199.7737137
Series,1750-01-24 10:00:00,199.7688551
Series,1750-01-24 10:30:00,196.2602776
Series,1750-01-24 11:00:00,203.5235638
Series,1750-01-24 11:30:00,201.7760617
Series,1750-01-24 12:00:00,216.6492188
Series,1750-01-24 12:30:00,206.5299242
Series,1750-01-24 13:00:00,208.5886465
Series,1750-01-24 13:30:00,206.8050281
Series,1750-01-24 14:00:00,199.691809
Series,1750-01-24 14:30:00,197.9307204
Series,1750-01-24 15:00:00,195.2926273
Series,1750-01-24 15:30:00,177.0401751
Series,1750-01-24 16:00:00,154.7091692
Series,1750-01-24 16:30:00,162.5307017
Series,1750-01-24 17:00:00,164.7812013
Series,1750-01-24 17:30:00,159.4651389
Series,1750-01-24 18:00:00,125.0236616
Series,1750-01-24 18:30:00,122.5550192
Series,1750-01-24 19:00:00,121.0983393
Series,1750-01-24 19:30:00,119.1376337
Series,1750-01-24 20:00:00,115.4222716
Series,1750-01-24 20:30:00,113.4743372
Series,1750-01-24 21:00:00,111.5873066
Series,1750-01-24 21:30:00,113.8132707
Series,1750-01-24 22:00:00,113.7336261
Series,1750-01-24 22:30:00,116.287093
Series,1750-01-24 23:00:00,118.0082742
Series,1750-01-24 23:30:00,146.5361542
Series,1750-01-25 00:00:00,126.7843368
Series,1750-01-25 00:30:00,156.3227686
Series,1750-01-25 01:00:00,165.878716
Series,1750-01-25 01:30:00,166.0493536
Series,1750-01-25 02:00:00,163.9303171
Series,1750-01-25 02:30:00,170.5791437
Series,1750-01-25 03:00:00,175.9381354
Series,1750-01-25 03:30:00,170.0636409
Series,1750-01-25 04:00:00,168.5619429
Series,1750-01-25 04:30:00,167.8727415
Series,1750-01-25 05:00:00,169.3445449
Series,1750-01-25 05:30:00,167.1916256
Series,1750-01-25 06:00:00,172.6303464
Series,1750-01-25 06:30:00,184.6007769
Series,1750-01-25 07:00:00,176.3388948
Series,1750-01-25 07:30:00,186.2204232
Series,1750-01-25 08:00:00,184.8644478
Series,1750-01-25 08:30:00,193.8611374
Series,1750-01-25 09:00:00,198.5360213
Series,1750-01-25 09:30:00,191.9958149
Series,1750-01-25 10:00:00,189.5175003
Series,1750-01-25 10:30:00,196.3880245
Series,1750-01-25 11:00:00,192.1706761
Series,1750-01-25 11:30:00,182.4706568
Series,1750-01-25 12:00:00,156.6642515
Series,1750-01-25 12:30:00,180.552994
Series,1750-01-25 13:00:00,149.1145298
Series,1750-01-25 13:30:00,143.5968474
Series,1750-01-25 14:00:00,137.9862963
Series,1750-01-25 14:30:00,134.652417
Series,1750-01-25 15:00:00,104.9572444
Series,1750-01-25 15:30:00,112.4122155
Series,1750-01-25 16:00:00,92.17624909
Series,1750-01-25 16:30:00,89.3534545
Series,1750-01-25 17:00:00,84.3270613
Series,1750-01-25 17:30:00,103.0614618
Series,1750-01-25 18:00:00,112.7718649
Series,1750-01-25 18:30:00,122.4966814
Series,1750-01-25 19:00:00,127.9131095
Series,1750-01-25 19:30:00,155.6591094
Series,1750-01-25 20:00:00,155.591746
Series,1750-01-25 20:30:00,162.5303381
Series,1750-01-25 21:00:00,182.0840506
Series,1750-01-25 21:30:00,178.4393863
Series,1750-01-25 22:00:00,175.3466054
Series,1750-01-25 22:30:00,173.0624056
Series,1750-01-25 23:00:00,174.4030547
Series,1750-01-25 23:30:00,179.2769963
Series,1750-01-26 00:00:00,187.8870033
Series,1750-01-26 00:30:00,191.3296376
Series,1750-01-26 01:00:00,194.2859883
Series,1750-01-26 01:30:00,188.0456797
Series,1750-01-26 02:00:00,191.2073088
Series,1750-01-26 02:30:00,181.9139954
Series,1750-01-26 03:00:00,189.1827125
Series,1750-01-26 03:30:00,196.7511478
Series,1750-01-26 04:00:00,197.599072
Series,1750-01-26 04:30:00,199.9069307
Series,1750-01-26 05:00:00,198.8596252
Series,1750-01-26 05:30:00,196.9501294
Series,1750-01-26 06:00:00,195.2251609
Series,1750-01-26 06:30:00,184.9175154
Series,1750-01-26 07:00:00,171.5487009
Series,1750-01-26 07:30:00,162.6102815
Series,1750-01-26 08:00:00,153.1895192
Series,1750-01-26 08:30:00,139.4163991
Series,1750-01-26 09:00:00,150.6096369
Series,1750-01-26 09:30:00,147.9371903
Series,1750-01-26 10:00:00,141.8231571
Series,1750-01-26 10:30:00,141.9288839
Series,1750-01-26 11:00:00,136.781918
Series,1750-01-26 11:30:00,132.295194
Series,1750-01-26 12:00:00,130.2563296
Series,1750-01-26 12:30:00,122.0220725
Series,1750-01-26 13:00:00,116.7858579
Series,1750-01-26 13:30:00,95.40878754
Series,1750-01-26 14:00:00,99.21705974
Series,1750-01-26 14:30:00,103.5585524
Series,1750-01-26 15:00:00,96.87154437
Series,1750-01-26 15:30:00,101.1591907
Series,1750-01-26 16:00:00,102.3588475
Series,1750-01-26 16:30:00,111.0972557
Series,1750-01-26 17:00:00,122.9535256
Series,1750-01-26 17:30:00,133.9927353
Series,1750-01-26 18:00:00,145.7583924
Series,1750-01-26 18:30:00,156.1399032
Series,1750-01-26 19:00:00,156.8771484
Series,1750-01-26 19:30:00,163.5272322
Series,1750-01-26 20:00:00,182.3744043
Series,1750-01-26 20:30:00,189.6179469
Series,1750-01-26 21:00:00,185.6265325
Series,1750-01-26 21:30:00,183.337602
Series,1750-01-26 22:00:00,185.2636637
Series,1750-01-26 22:30:00,186.701221
Series,1750-01-26 23:00:00,188.7660848
Series,1750-01-26 23:30:00,184.3055948
Series,1750-01-27 00:00:00,180.7927849
Series,1750-01-27 00:30:00,172.2354947
Series,1750-01-27 01:00:00,185.6479306
Series,1750-01-27 01:30:00,167.3469462
Series,1750-01-27 02:00:00,179.0319029
Series,1750-01-27 02:30:00,196.6042336
Series,1750-01-27 03:00:00,195.3677928
Series,1750-01-27 03:30:00,187.047406
Series,1750-01-27 04:00:00,169.1424013
Series,1750-01-27 04:30:00,161.883874
Series,1750-01-27 05:00:00,168.1760115
Series,1750-01-27 05:30:00,159.7270902
Series,1750-01-27 06:00:00,141.2313203
Series,1750-01-27 06:30:00,136.5912152
Series,1750-01-27 07:00:00,136.1753299
Series,1750-01-27 07:30:00,120.973856
Series,1750-01-27 08:00:00,119.4392124
Series,1750-01-27 08:30:00,107.8011619
Series,1750-01-27 09:00:00,113.3492339
Series,1750-01-27 09:30:00,102.5188061
Series,1750-01-27 10:00:00,99.11446763
Series,1750-01-27 10:30:00,100.757251
Series,1750-01-27 11:00:00,97.614613
Series,1750-01-27 11:30:00,115.492424
Series,1750-01-27 12:00:00,112.9978677
Series,1750-01-27 12:30:00,111.2833673
Series,1750-01-27 13:00:00,113.9193961
Series,1750-01-27 13:30:00,119.1596718
Series,1750-01-27 14:00:00,126.4567346
Series,1750-01-27 14:30:00,136.9542605
Series,1750-01-27 15:00:00,154.8642028
Series,1750-01-27 15:30:00,171.1291426
Series,1750-01-27 16:00:00,156.3270246
Series,1750-01-27 16:30:00,157.2126261
Series,1750-01-27 17:00:00,143.5003663
Series,1750-01-27 17:30:00,160.4748957
Series,1750-01-27 18:00:00,152.0905854
Series,1750-01-27 18:30:00,164.453633
Series,1750-01-27 19:00:00,153.8491719
Series,1750-01-27 19:30:00,149.0318518
Series,1750-01-27 20:00:00,155.0290009
Series,1750-01-27 20:30:00,160.0687241
Series,1750-01-27 21:00:00,179.6169038
Series,1750-01-27 21:30:00,168.9350614
Series,1750-01-27 22:00:00,170.5477195
Series,1750-01-27 22:30:00,167.5849699
Series,1750-01-27 23:00:00,178.3933929
Series,1750-01-27 23:30:00,181.7041117
Series,1750-01-28 00:00:00,180.6565254
Series,1750-01-28 00:30:00,182.4193638
Series,1750-01-28 01:00:00,165.0220276
Series,1750-01-28 01:30:00,154.8624433
Series,1750-01-28 02:00:00,147.978952
Series,1750-01-28 02:30:00,137.2661581
Series,1750-01-28 03:00:00,133.7629818
Series,1750-01-28 03:30:00,119.8158965
Series,1750-01-28 04:00:00,123.2988586
Series,1750-01-28 04:30:00,110.8090136
Series,1750-01-28 05:00:00,104.3045023
Series,1750-01-28 05:30:00,94.27750078
Series,1750-01-28 06:00:00,98.31217598
Series,1750-01-28 06:30:00,91.10879888
Series,1750-01-28 07:00:00,89.27911226
Series,1750-01-28 07:30:00,84.27602419
Series,1750-01-28 08:00:00,101.7298706
Series,1750-01-28 08:30:00,99.41632442
Series,1750-01-28 09:00:00,104.4334436
Series,1750-01-28 09:30:00,102.3045697
Series,1750-01-28 10:00:00,107.4433641
Series,1750-01-28 10:30:00,117.5166561
Series,1750-01-28 11:00:00,137.7248902
Series,1750-01-28 11:30:00,153.7189066
Series,1750-01-28 12:00:00,156.6851648
Series,1750-01-28 12:30:00,173.4913943
Series,1750-01-28 13:00:00,178.1810655
Series,1750-01-28 13:30:00,189.9475081
Series,1750-01-28 14:00:00,186.8965135
Series,1750-01-28 14:30:00,189.7347644
Series,1750-01-28 15:00:00,188.8443026
Series,1750-01-28 15:30:00,207.4540655
Series,1750-01-28 16:00:00,196.675742
Series,1750-01-28 16:30:00,199.4875617
Series,1750-01-28 17:00:00,202.9506993
Series,1750-01-28 17:30:00,204.3934782
Series,1750-01-28 18:00:00,209.8658587
Series,1750-01-28 18:30:00,214.112799
Series,1750-01-28 19:00:00,209.6549946
Series,1750-01-28 19:30:00,195.0842182
Series,1750-01-28 20:00:00,196.038115
Series,1750-01-28 20:30:00,212.3903126
Series,1750-01-28 21:00:00,214.129532
Series,1750-01-28 21:30:00,209.903938
Series,1750-01-28 22:00:00,195.7006187
Series,1750-01-28 22:30:00,198.47666
Series,1750-01-28 23:00:00,189.2529755
Series,1750-01-28 23:30:00,175.3089167
Series,1750-01-29 00:00:00,149.254474
Series,1750-01-29 00:30:00,141.2056683
Series,1750-01-29 01:00:00,142.4016702
Series,1750-01-29 01:30:00,140.7329872
Series,1750-01-29 02:00:00,137.9170084
Series,1750-01-29 02:30:00,145.4513005
Series,1750-01-29 03:00:00,142.3865876
Series,1750-01-29 03:30:00,128.8613463
Series,1750-01-29 04:00:00,121.7687675
Series,1750-01-29 04:30:00,111.1928902
Series,1750-01-29 05:00:00,114.1748806
Series,1750-01-29 05:30:00,123.9784076
Series,1750-01-29 06:00:00,140.3186505
Series,1750-01-29 06:30:00,139.0488927
Series,1750-01-29 07:00:00,144.8729342
Series,1750-01-29 07:30:00,176.2452543
Series,1750-01-29 08:00:00,189.7621561
Series,1750-01-29 08:30:00,219.288861
Series,1750-01-29 09:00:00,208.418388
Series,1750-01-29 09:30:00,203.9045086
Series,1750-01-29 10:00:00,212.2131006
Series,1750-01-29 10:30:00,227.8297967
Series,1750-01-29 11:00:00,225.7716156
Series,1750-01-29 11:30:00,231.7257321
Series,1750-01-29 12:00:00,221.0186129
Series,1750-01-29 12:30:00,215.5511442
Series,1750-01-29 13:00:00,218.5094675
Series,1750-01-29 13:30:00,221.899785
Series,1750-01-29 14:00:00,214.4643774
Series,1750-01-29 14:30:00,215.8062536
Series,1750-01-29 15:00:00,225.2408491
Series,1750-01-29 15:30:00,210.0836536
Series,1750-01-29 16:00:00,205.6702742
Series,1750-01-29 16:30:00,207.7283007
Series,1750-01-29 17:00:00,213.8332352
Series,1750-01-29 17:30:00,203.3528034
Series,1750-01-29 18:00:00,191.2489489
Series,1750-01-29 18:30:00,176.6286427
Series,1750-01-29 19:00:00,183.7038202
Series,1750-01-29 19:30:00,167.1244257
Series,1750-01-29 20:00:00,164.4071908
Series,1750-01-29 20:30:00,165.2172795
Series,1750-01-29 21:00:00,163.0956536
Series,1750-01-29 21:30:00,151.2149193
Series,1750-01-29 22:00:00,142.9531164
Series,1750-01-29 22:30:00,139.6512179
Series,1750-01-29 23:00:00,128.9732832
Series,1750-01-29 23:30:00,116.5775579
Series,1750-01-30 00:00:00,112.6967441
Series,1750-01-30 00:30:00,118.317588
Series,1750-01-30 01:00:00,117.5817368
Series,1750-01-30 01:30:00,117.3087129
Series,1750-01-30 02:00:00,119.6942443
Series,1750-01-30 02:30:00,118.8416132
Series,1750-01-30 03:00:00,141.7553343
Series,1750-01-30 03:30:00,166.454511
Series,1750-01-30 04:00:00,162.7659572
Series,1750-01-30 04:30:00,168.5967762
Series,1750-01-30 05:00:00,174.5427558
Series,1750-01-30 05:30:00,176.5978776
Series,1750-01-30 06:00:00,162.1458992
Series,1750-01-30 06:30:00,146.3598756
Series,1750-01-30 07:00:00,153.8977944
Series,1750-01-30 07:30:00,155.7320452
Series,1750-01-30 08:00:00,172.2795942
Series,1750-01-30 08:30:00,171.9379432
Series,1750-01-30 09:00:00,176.7291334
Series,1750-01-30 09:30:00,184.7476848
Series,1750-01-30 10:00:00,169.7144329
Series,1750-01-30 10:30:00,157.835758
Series,1750-01-30 11:00:00,172.6751119
Series,1750-01-30 11:30:00,167.3165783
Series,1750-01-30 12:00:00,161.8834815
Series,1750-01-30 12:30:00,167.5401528
Series,1750-01-30 13:00:00,169.1471584
Series,1750-01-30 13:30:00,169.8563676
Series,1750-01-30 14:00:00,173.0355679
Series,1750-01-30 14:30:00,167.5447981
Series,1750-01-30 15:00:00,181.2000082
Series,1750-01-30 15:30:00,164.2197906
Series,1750-01-30 16:00:00,161.9660129
Series,1750-01-30 16:30:00,155.8944547
Series,1750-01-30 17:00:00,138.3207533
Series,1750-01-30 17:30:00,138.5443843
Series,1750-01-30 18:00:00,123.4184574
Series,1750-01-30 18:30:00,125.4693489
Series,1750-01-30 19:00:00,117.8479735
Series,1750-01-30 19:30:00,109.4368967
Series,1750-01-30 20:00:00,110.568846
Series,1750-01-30 20:30:00,108.8319905
Series,1750-01-30 21:00:00,107.3812197
Series,1750-01-30 21:30:00,93.54792876
Series,1750-01-30 22:00:00,98.63387913
Series,1750-01-30 22:30:00,115.4570576
Series,1750-01-30 23:00:00,114.1843884
Series,1750-01-30 23:30:00,133.3020628
Series,1750-01-31 00:00:00,136.2730206
Series,1750-01-31 00:30:00,138.5667524
Series,1750-01-31 01:00:00,153.7081553
Series,1750-01-31 01:30:00,169.1429458
Series,1750-01-31 02:00:00,181.3785098
Series,1750-01-31 02:30:00,185.1913445
Series,1750-01-31 03:00:00,197.3251619
Series,1750-01-31 03:30:00,195.3136349
Series,1750-01-31 04:00:00,197.7991607
Series,1750-01-31 04:30:00,195.0661099
Series,1750-01-31 05:00:00,197.7464919
Series,1750-01-31 05:30:00,201.226456
Series,1750-01-31 06:00:00,197.2899591
Series,1750-01-31 06:30:00,194.8777741
Series,1750-01-31 07:00:00,197.5086736
Series,1750-01-31 07:30:00,200.1187166
Series,1750-01-31 08:00:00,195.1877511
Series,1750-01-31 08:30:00,182.7436828
Series,1750-01-31 09:00:00,180.6518763
Series,1750-01-31 09:30:00,163.2478414
Series,1750-01-31 10:00:00,169.7305419
Series,1750-01-31 10:30:00,164.8745476
Series,1750-01-31 11:00:00,163.4084831
Series,1750-01-31 11:30:00,156.845537
Series,1750-01-31 12:00:00,143.7345028
Series,1750-01-31 12:30:00,150.4865972
Series,1750-01-31 13:00:00,142.4587755
Series,1750-01-31 13:30:00,130.1331635
Series,1750-01-31 14:00:00,127.8068669
Series,1750-01-31 14:30:00,125.0980635
Series,1750-01-31 15:00:00,118.4815494
Series,1750-01-31 15:30:00,106.1739256
Series,1750-01-31 16:00:00,96.8173553
Series,1750-01-31 16:30:00,98.69619829
Series,1750-01-31 17:00:00,103.8245882
Series,1750-01-31 17:30:00,103.0086836
Series,1750-01-31 18:00:00,123.6105773
Series,1750-01-31 18:30:00,81.872067
Series,1750-01-31 19:00:00,157.1958908
Series,1750-01-31 19:30:00,149.9684871
Series,1750-01-31 20:00:00,145.5858797
Series,1750-01-31 20:30:00,159.3635364
Series,1750-01-31 21:00:00,167.5020491
Series,1750-01-31 21:30:00,153.2799611
Series,1750-01-31 22:00:00,181.7804186
Series,1750-01-31 22:30:00,194.6458509
Series,1750-01-31 23:00:00,188.4595168
Series,1750-01-31 23:30:00,186.4227157
